id,title
3,The Dark Knight
1,Inception
2,Interstellar
755898,War of the Worlds
1234821,Jurassic World Rebirth
1061474,Superman
1195631,William Tell
1241470,Osiris
1185528,Legends of the Condor Heroes: The Gallants
1106289,The Pickup
1311031,Demon Slayer: Kimetsu no Yaiba Infinity Castle
1087192,How to Train Your Dragon
1319895,Hostile Takeover
1285247,Murder Company
1155281,Creation of the Gods II: Demon Force
986206,Night Carnage
1078605,Weapons
980477,Ne Zha 2
1071585,M3GAN 2.0
552524,Lilo & Stitch
1307078,My Oxford Year
617126,The Fantastic 4: First Steps
1225572,Screamboat
1100988,28 Years Later
1011477,Karate Kid: Legends
803796,KPop Demon Hunters
1119878,Ice Road: Vengeance
1339166,Shaman
936108,Smurfs
541671,Ballerina
1393382,Popeye's Revenge
1263256,Happy Gilmore 2
574475,Final Destination Bloodlines
7451,xXx
1124619,Bride Hard
812455,Victoria
715253,Phantom
648878,Eddington
1188423,Site
1181540,Guns Up
13499,"Yours, Mine & Ours"
1125257,Freakier Friday
986056,Thunderbolts*
575265,Mission: Impossible - The Final Reckoning
1452176,Abraham's Boys
1365103,Marriage Unplugged
1280461,Dirty Ice Cream
1315986,Man with No Past
911430,F1
1374534,Almost Cops
1403735,Laila
715287,Stepmom's Desire
1175942,The Bad Guys 2
1135829,Un Reino Para Todos Nosotros
615453,Ne Zha
1151031,Bring Her Back
1353328,Hook
950387,A Minecraft Movie
259872,Skin. Like. Sun.
1136867,Materialists
749170,Heads of State
1236471,Everyone Is Going to Die
1152798,Game On
611251,Jokōsei torio: seikan shiken
390635,Fate/stay night: Heaven's Feel III. Spring Song
846422,The Old Guard 2
1040229,T.I.M.
1278950,The Ritual
1242011,Together
1227003,Shadow of God
846817,Night
1197306,A Working Man
1058537,Angels Fallen: Warriors of Peace
1326106,Kaiju No. 8: Mission Recon
1285965,Dangerous Animals
1035259,The Naked Gun
1007734,Nobody 2
1087891,The Amateur
1241982,Moana 2
537921,Fixed
1233413,Sinners
1010581,My Fault
1151334,Eenie Meanie
1382406,Striking Rescue
1429739,Gold Rush Gang
1267319,Mantis
1328803,Prisoner of War
1009640,Valiant One
1038392,The Conjuring: Last Rites
987400,Aztec Batman: Clash of Empires
1450529,Gunman
1054867,One Battle After Another
1447287,Donde tú quieras
13494,Red Sonja
1028248,As Good as Dead
914215,Humane
1265344,Swiped
938086,Dangerous Younger Cousin
1188808,Tuhog
1218925,Chainsaw Man - The Movie: Reze Arc
1369679,Get Fast
1051486,Stockholm Bloodbath
691363,The Thing Behind The Door
506763,Detective Dee: The Four Heavenly Kings
604079,The Long Walk
157336,Interstellar
993234,Borders of Love
604079,The Long Walk
157336,Interstellar
506763,Detective Dee: The Four Heavenly Kings
1022787,Elio
1284120,The Ugly Stepsister
994682,Sexy Oral: Uwakina Kuchibiru
1337395,Kiskisan
1506456,Maalikaya
828769,Undryable Younger Cousin
1252428,Anaconda
138843,The Conjuring
1083433,I Know What You Did Last Summer
1339658,"Oh, Hi!"
660033,How I Became a Gangster
1371189,Ruth & Boaz
1498658,Mantis
974397,My Freaky Family
1337562,Splitsville
1354441,The Hacienda: Return of the Damned
1321439,The Wrong Paris
1367575,A Line of Fire
1246049,Dracula: A Love Tale
41264,Africa Blood and Guts
228854,Star Virgin
791155,Secret Headquarters
70196,The Veteran
1470086,Ligaw
1242434,Highest 2 Lowest
423108,The Conjuring: The Devil Made Me Do It
1244953,Trust
550,Fight Club
1530127,Lookout
1083420,Adulthood
1241921,A Big Bold Beautiful Journey
460229,Kiss and Kill
926606,The Home
1151272,Sirāt
1389158,Maa
1355666,Love Untangled
195757,The Ultimate Life
1088166,Relay
1163545,Lubuk
195757,The Ultimate Life
1088166,Relay
1029575,The Family Plan
671,Harry Potter and the Philosopher's Stone
550,Fight Club
1312946,The Map That Leads to You
76600,Avatar: The Way of Water
1419406,The Shadow's Edge
1234720,Couple Exchange
533535,Deadpool & Wolverine
687209,Female Wars: The Man Who Moved In
259693,The Conjuring 2
76600,Avatar: The Way of Water
635302,Demon Slayer -Kimetsu no Yaiba- The Movie: Mugen Train
1429747,Same Day with Someone
1517772,Unknown Number: The High School Catfish
9806,The Incredibles
507244,Afterburn
501902,Just Friends
939243,Sonic the Hedgehog 3
1451288,The Stepmother's Bond
1223690,Pretty Thing
3933,Corpse Bride
83533,Avatar: Fire and Ash
1156593,Your Fault
1022789,Inside Out 2
299536,Avengers: Infinity War
615457,Nobody
1371189,Ruth & Boaz
829557,365 Days: This Day
211922,Bless the Woman
27205,Inception
1294203,My Fault: London
411,"The Chronicles of Narnia: The Lion, the Witch and the Wardrobe"
19995,Avatar
512198,Dead Bride
1388874,Boss Ma'am
238,The Godfather
997892,The Island of Lost Girls
1229262,I Don't Understand You
105,Back to the Future
1359977,Conjuring the Cult
519182,Despicable Me 4
862,Toy Story
1509871,She Said Maybe
1011985,Kung Fu Panda 4
862,Toy Story
870028,The Accountant²
933260,The Substance
814662,Kakushigoto Theatrical Edition
634649,Spider-Man: No Way Home
1011985,Kung Fu Panda 4
1257009,Primitive War
822119,Captain America: Brave New World
198663,The Maze Runner
1164355,Lembayung
1190586,Leggings Mania
603,The Matrix
912649,Venom: The Last Dance
173705,Female Teacher: In Front of the Students
260513,Incredibles 2
1190511,Sitaare Zameen Par
1509871,She Said Maybe
1300116,Fall for Me
260513,Incredibles 2
713364,Clown in a Cornfield
496243,Parasite
744653,The Thursday Murder Club
1477114,Sorority
822119,Captain America: Brave New World
1190586,Leggings Mania
82023,Hotel Desire
423502,My Friend's Mom
597,Titanic
707610,Bosomy Mom
216015,Fifty Shades of Grey
106646,The Wolf of Wall Street
814662,Kakushigoto Theatrical Edition
122917,The Hobbit: The Battle of the Five Armies
724495,The Woman King
1447903,The Company of Thieves
945961,Alien: Romulus
592695,Pleasure
1376434,Predator: Killer of Killers
1319965,All of You
1289888,French Lover
1215020,American Sweatshop
155,The Dark Knight
1159939,The Partisan
24428,The Avengers
950396,The Gorge
1024592,God's Not Dead: In God We Trust
278,The Shawshank Redemption
1400244,Fabula
1443260,Rob1n
1443260,Rob1n
1409937,Cuatro paredes
986097,HIM
1548764,Holy Padel
385687,Fast X
100464,Rape!
120,The Lord of the Rings: The Fellowship of the Ring
359410,Road House
1545953,Mayumi
122,The Lord of the Rings: The Return of the King
1865,Pirates of the Caribbean: On Stranger Tides
384527,Dolce... calda Lisa
402431,Wicked
354912,Coco
1010756,The Strangers: Chapter 2
14836,Coraline
1280282,Gabby's Dollhouse: The Movie
533533,TRON: Ares
1252309,Tell Me What You Want
1289936,Downton Abbey: The Grand Finale
1197137,Black Phone 2
1149504,Honey Don't!
1064307,Spermageddon
842924,The Life of Chuck
1015981,Jolly LLB 3
1082424,Jane Austen Wrecked My Life
1086260,The Astronaut
1245993,Caught Stealing
128,Princess Mononoke
639988,No Other Choice
1319969,Sketch
1156594,Our Fault
1105407,Damaged
1338799,JUJUTSU KAISEN: Hidden Inventory / Premature Death - The Movie
896536,The Legend of Ochi
760329,The Smashing Machine
10494,Perfect Blue
977294,Tin Soldier
1443940,Truth & Treason
556574,Hamilton
1244531,Beast of War
1502943,Night of the Reaper
1408208,Exit 8
1391153,The Book of Sijjin & Illiyyin
1422096,Good Boy
1107216,Pets on a Train
858485,Kantara
3176,Battle Royale
1336189,Delivery Run
1280450,Stolen Girl
1330421,Bone Lake
1290159,A House of Dynamite
969492,Land of Bad
46738,Incendies
1079485,Winnie-the-Pooh: Blood and Honey 2
1406607,The Stage
1327862,Regretting You
8839,Casper
1265063,After the Hunt
1217690,Homestead
8009,Highlander
23202,Trick 'r Treat
14069,The Girl Who Leapt Through Time
21484,Possession
1248454,Sunny Sanskari Ki Tulsi Kumari
1070157,Balti
1124566,Sentimental Value
1223601,Sisu: Road to Revenge
1200320,Killing Faith
1238188,The Captive
110420,Wolf Children
149870,The Wind Rises
1000837,I'm Still Here
1216571,June and John
1242419,Roofman
1506323,Minnie’s Midnight Massacre
1537820,Save Me From Heaven
936946,Harvest
1062722,Frankenstein
1292123,Mother
1368535,Measure in Love
9056,Police Story
1374686,Light of the World
1205515,"Sorry, Baby"
1408324,City Wide Fever
1037264,The Disappearance of Josef Mengele
1545505,Peas and Carrots
478798,Sons of the Neon Night
1503865,Marilyn Minter: Pretty/Dirty
1211635,Home Behind Bars
1332316,Scurry
1295026,100 METERS
638,Lost Highway
1291712,The Tasters
1305653,Dongji Rescue
882059,Boy Kills World
1362315,The Hand That Rocks the Cradle
1409733,Fish Flew Away
1019871,Little Trouble Girls
1196364,Thamma
1429750,Everybody Loves Me When I'm Dead
1410189,Kontinental '25
1266798,Dog 51
1144107,The Legend of Hei 2
8337,They Live
1187308,Julie Keeps Quiet
1254135,"13 Days, 13 Nights: In the Hell of Kabul"
891584,The History of Sound
1083637,Kantara: Chapter 1
1209511,Love Insurance Kompany
1530325,The Bird Is Calling
1130053,Cinderella's Curse
1130053,Cinderella's Curse
1299655,Blue Moon
678856,Intoxicated by Love
1033148,Die My Love
1299799,"Chopin, a Sonata in Paris"
1114967,Good Fortune
1511556,Under Fire
14571,Patlabor: The Movie
54421,Mahjong
1275151,She Walks in Darkness
1540640,Mushi
1399356,Nellikkampoyil Night Riders
1290879,The Woman in Cabin 10
1257957,Bison Kaalamaadan
55,Amores Perros
1535223,A Royal Montana Christmas
1158996,Souleymane's Story
1313211,The Party's Over!
1380682,The Last Rodeo
736720,Handsome Guys
1253000,Deathstalker
1214684,Kiss of the Spider Woman
1323880,Idli Kadai
1416320,Lermontov. Doomsday
1491479,Grow
1364608,Anemone
1318037,G-Day
1128547,Islands
1194963,Noise
1210732,How to Make a Killing
1379045,After the Quake
1356670,Late Shift
1093215,Not Friends
1049942,Bambi: The Reckoning
1173147,Stargate - en julefortelling
1151083,Vrusshabha
1352624,The Mastermind
1337985,A Pale View of Hills
524635,The Chronology of Water
1359607,Miss Kobayashi's Dragon Maid: A lonely dragon wants to be loved
1359607,Miss Kobayashi's Dragon Maid: A lonely dragon wants to be loved
1508191,Ozzy: No Escape from Now
1545243,Break A Leg
1548017,The Family McMullen
1502700,Strawberry Moon
1526650,Mudborn
1317149,I Swear
995408,Take a Chance on Me
1053231,Boss
1372260,Your Host
848788,Anita
945801,A Writer's Odyssey 2
21832,Neon Genesis Evangelion: Death and Rebirth
1027273,Egoist
1495629,Dead Souls
1193421,The Great Ambition
1317410,Tristes Tropiques
14572,Patlabor 2: The Movie
840873,A Magnificent Life
1456349,It Was Just an Accident
1188738,The Weedhacker Massacre
1390382,Couture
1205520,Tabby McTat
1352755,Maintenance Required
1205229,Night of the Zoopocalypse
1057873,Tokyo Revengers 2 Part 2: Bloody Halloween - Final Battle
1255718,Plainclothes
1387764,Tukar Takdir
1491336,Castration Movie Anthology ii. The Best of Both Worlds
1477121,Being Bo Widerberg
1433680,The Dinner
1502367,GO TO HELL
1469857,Hokusai's Daughter
1081208,The Dogs
1228682,Dreams (Sex Love)
730251,Happyend
1477448,Haul Out the Halloween
11557,St. Elmo's Fire
1509659,Badak
997955,Fairyland
1241436,Warfare
957121,The Man in My Basement
674,Harry Potter and the Goblet of Fire
1471345,Homo Argentum
1515395,Lego Disney Princess: Villains Unite
129,Spirited Away
1314784,Hridayapoorvam
1080365,They Call Him OG
1404864,Inspector Zende
1241634,Saiyaara
1468057,GATAO: Big Brothers
557,Spider-Man
1495723,Abandoned Man
1428213,Kontrabida Academy
1306816,My Daughter is a Zombie
324544,In the Lost Lands
1161617,Code 3
982843,The Great Flood
372058,Your Name.
1044768,Looking Through Water
559,Spider-Man 3
758923,Baaghi 4
1215798,The Cut
578,Jaws
947478,The Green Dinosaur
1537780,Instintos
389,12 Angry Men
1081012,Aftermath
1531023,Bulong Ng Laman
1094473,Bambi: A Tale of Life in the Woods
757725,Shadow Force
1084153,Sneaks
8392,My Neighbor Totoro
1042834,Eden
15121,The Sound of Music
856289,Creation of the Gods I: Kingdom of Storms
1235746,Dead of Winter
1064486,Memoir of a Snail
957119,Sidelined: The QB and Me
1321624,731
1468789,Planet Single: Greek Adventure
1137350,The Phoenician Scheme
1422052,Descendent
934456,Americana
1239481,Raqqa: Spy vs. Spy
803694,Other People's Children
101,Léon: The Professional
1236470,The Lost Bus
1301072,McWalter
1043905,Dirty Angels
1500691,Fantasy Football Ruined Our Lives
1379520,Rule Breakers
1235304,Colours of Time
1426672,Christopher - A Beautiful Real Life
338969,The Toxic Avenger Unrated
1535385,Rebel Royals: An Unlikely Love Story
16859,Kiki's Delivery Service
1153399,Coolie
949,Heat
1122099,The Ballad of Wallis Island
1233575,Black Bag
1249423,Black Dog
873797,Pretty Crazy
1530875,All the Devils Are Here
1020822,Animale
1297028,Rosario
1480382,The Voice of Hind Rajab
970450,Werewolves
857800,Becoming Led Zeppelin
630,The Wizard of Oz
510,One Flew Over the Cuckoo's Nest
1083968,Locked
1118836,The Child Who Measured the World
568,Apollo 13
894924,Raghu Dakat
81,Nausicaä of the Valley of the Wind
695721,The Hunger Games: The Ballad of Songbirds & Snakes
11104,Chungking Express
948549,Love Lies Bleeding
1026436,Miller's Girl
1232449,Young Hearts
558,Spider-Man 2
1267905,The Roses
1212855,Fight or Flight
1149167,High Rollers
1102493,Small Things Like These
1522847,Millionaire
1532795,Kill Tony: Mayhem at Madison Square Garden
1249926,Ghaati
1476453,Kirot
1428210,One Hit Wonder
315011,Shin Godzilla
747,Shaun of the Dead
11621,Porco Rosso
1000866,The Marching Band
194209,Crocodile Fury
44214,Black Swan
9323,Ghost in the Shell
1475189,Family Disaster
1230368,Springsteen: Deliver Me from Nowhere
941109,Play Dirty
1186350,Marco
1357886,Django Undisputed
1552819,Assassin
793387,Holy Night: Demon Hunters
1053008,Fight Another Day
1396558,Bloody Axe Wound
1109406,Compulsion
1242404,Steve
870360,The Day the Earth Blew Up: A Looney Tunes Movie
1032448,Jurassic Triangle
1131494,"Locos de amor, mi primer amor"
1202627,The Heaven of Animals
1255700,La zona vacía
436969,The Suicide Squad
123229,Porn in the Hood
275458,The Hyena
361743,Top Gun: Maverick
672,Harry Potter and the Chamber of Secrets
86461,Hanna D: The Girl from Vondel Park
1084199,Companion
808,Shrek
4935,Howl's Moving Castle
1546933,Rockstar: DUKI from the End of the World
1297181,Madharaasi
1489665,Radiohead X Nosferatu: A Symphony of Horror
1100800,The Balloonist
1373445,V/H/S/HALLOWEEN
1131759,Omniscient Reader: The Prophecy
945836,Odum Kuthira Chadum Kuthira
1109255,Parthenope
1193824,Rabbit Trap
1217483,Treasure Hunters: On the Tracks of Khufu
1318370,Gundik
1404404,Crayon Shin-chan the Movie: Super Hot! The Spicy Kasukabe Dancers
1550433,Downton Abbey Celebrates the Grand Finale
37797,Whisper of the Heart
36685,The Rocky Horror Picture Show
337703,The Red Turtle
1396965,Detective Conan: One-Eyed Flashback
1137205,Last Straw
1167271,Weekend in Taipei
1219620,All That's Left of You
1097549,Babygirl
18491,Neon Genesis Evangelion: The End of Evangelion
77174,ParaNorman
21137,The Decline of Western Civilization
701387,Bugonia
937941,Shelby Oaks
1321108,Dude
1463182,A Wisconsin Christmas Pie
12140,Ghost in the Shell 2: Innocence
16411,Initial D
1159452,Unsinkable: Titanic Untold
1255369,Finnick 2
1128752,Bird
269509,The Canterville Ghost
1248226,Playdate
1227739,Homebound
1288219,Under the Lights
1218032,Super Charlie
1272166,Ballad of a Small Player
1420733,The Cursed: Insatiable Desires
1013446,Reflection in a Dead Diamond
787747,Shell
5967,The Umbrellas of Cherbourg
1379266,Kokuho
1037352,Went Up the Hill
1540749,Tatsuki Fujimoto 17-26
1012415,4 Tigers
1397375,Life Goes This Way
1245347,Twinless
1357770,Unexpected Courage
1200063,A Gilded Game
1160360,If I Had Legs I'd Kick You
1466302,BAKA's Identity
1465948,"No Matter What, I Love You"
804370,Arco
1259232,My Pet Dragon
1535290,Host
1312228,In Our Blood
941597,Shinjuku Midnight Story: Man and Woman
1225624,On Falling
1196791,Soul on Fire
1535477,Afterword
9886,Johnny Mnemonic
1392527,Renoir
1308004,Bert sabbar allt
41050,La Notte
1088096,Goodrich
980078,Winnie the Pooh: Blood and Honey
1514051,Gentle Barbarians
1076897,Kaamelott: The Second Chapter (Part I)
402732,Chibi Maruko-chan
1086910,The Lost Princess
1126336,Anniversary
1464773,Borley Rectory: The Awakening
1497970,Tom and Jerry: Forbidden Compass
1290742,Life for Beginners
1540867,SAQUON
1385969,Believe: The Ultimate Battle
1511789,Captain Hook - The Cursed Tides
1305717,Hunting Grounds
861451,Martin
1025527,Abyss
1519168,The Jester 2
1072699,Inside Furioza
1169210,The Mannequin
997113,Hedda
1328402,The People In The Walls
270655,People: A Musical Celebration
1202863,From Darkness
1007840,Three Jolly Fellows
154400,The Drop
1571470,The Rats: A Witcher Tale
873967,The Devil’s Trap
100042,Dumb and Dumber To
949855,Black Mold
196259,Beyond the Curtain
1499837,Fantasmagoría
940721,Godzilla Minus One
272490,Design Revolution
13,Forrest Gump
285,Pirates of the Caribbean: At World's End
1109086,War 2
1291661,Tide
1417,Pan's Labyrinth
1244039,Butchers Book Two: Raghorn
13186,Wrong Turn 2: Dead End
9902,Wrong Turn
103,Taxi Driver
1198426,Captain Avispa
810693,Jujutsu Kaisen 0
166428,How to Train Your Dragon: The Hidden World
138130,Kelly + Victor
235704,Commitment
936245,Hidden Face
215,Saw II
8467,Dumb and Dumber
646,Dr. No
75629,Evangelion: 3.0 You Can (Not) Redo
88,Dirty Dancing
206647,Spectre
1242898,Predator: Badlands
146,"Crouching Tiger, Hidden Dragon"
395836,Ants on a Shrimp
68341,Cold Fish
63311,The Skin I Live In
738652,Copshop
381284,Hidden Figures
338953,Fantastic Beasts: The Secrets of Dumbledore
10764,Quantum of Solace
3981,What Women Want
939335,Muzzle
414770,Antiporno
253,Live and Let Die
11075,Audition
10555,Shark Tale
23155,The Garden of Sinners: Paradox Spiral
2463,Running Out of Time
198375,The Garden of Words
329996,Dumbo
864,Cool Runnings
1151949,The Shadow Strays
7840,"10,000 BC"
36669,Die Another Day
13345,A Chinese Odyssey Part One: Pandora's Box
10092,Cry_Wolf
385261,"Love, Lies"
30843,Antique
5966,Along Came Polly
699,For Your Eyes Only
23153,The Garden of Sinners: Remaining Sense of Pain
567860,Fyre
478160,RV: Resurrected Victims
695089,"Onoda: 10,000 Nights in the Jungle"
38057,The Secret of the Magic Gourd
23150,The Garden of Sinners: Overlooking View
35282,Female Prisoner Scorpion: Beast Stable
15919,Marty
11056,Darkness
470205,The Stray
11604,Anthony Zimmer
26936,Boiling Point
373855,Love Guide for Dumpees
50569,The Boxer from Shantung
364111,The Anthem of the Heart
709,Licence to Kill
71138,Female Prisoner Scorpion: #701
698,Moonraker
63006,Dum Maaro Dum
89868,Paws
682,The Man with the Golden Gun
57747,The Prodigal Boxer
72443,"Josee, the Tiger and the Fish"
11531,Book of Shadows: Blair Witch 2
38153,Shadow Conspiracy
75006,Moby Dick
49967,One-Armed Boxer
79634,Big B
50671,The Resident
64360,Shaolin Martial Arts
23167,The Garden of Sinners: A Study in Murder (Part 2)
286470,Ants' Nest
80184,The Hidden Face
44008,The Victim
4031,Going Places
512188,Evening Shadows
714,Tomorrow Never Dies
457332,Hidden Strike
2928,Michael
43028,Victim
72976,Lincoln
19606,High Road to China
869623,Procession
1807,Elephant
691,The Spy Who Loved Me
69035,Ruby Cairo
488350,The Antithesis
1084242,Zootopia 2
10345,K-9
11661,Joyeux Noel
1028506,The Sound of 007
23166,The Garden of Sinners: Oblivion Recording
57585,Elephant White
17165,Bleach the Movie: Fade to Black
16882,The Guard Post
60306,Victim
9870,Forgetting Sarah Marshall
25597,Hansel & Gretel
1306525,The Elixir
283566,Evangelion: 3.0+1.0 Thrice Upon a Time
1299046,Diamonds
927254,The Twits
1386827,Coyotes
1500536,Dead to Rights
1277988,Caramelo
4232,Scream
1251717,Vicious
1212271,Eleanor the Great
8966,Twilight
1550569,Aileen: Queen of the Serial Killers
947512,Living Large
1564937,Mamasan
1124620,The Monkey
377,A Nightmare on Elm Street
9552,The Exorcist
1171153,Köln 75
1557993,Babo: The Haftbefehl Story
1147411,"Miraculous World: Tokyo, Stellar Force"
1118770,Nineteen
1119090,I Am Frankelda
1522923,Safe House
507089,Five Nights at Freddy's
1322752,COLORFUL STAGE! The Movie: A Miku Who Can't Sing
1558981,The Delivery Rider
1228246,Five Nights at Freddy's 2
50620,The Twilight Saga: Breaking Dawn - Part 2
158015,The Purge
1453479,Blood Lines
50619,The Twilight Saga: Breaking Dawn - Part 1
1400782,The Perfect Neighbor
1511417,Bāhubali: The Epic
1484640,Swim to Me
266,Contempt
1201262,Grafted
1549508,Unli Pop
24021,The Twilight Saga: Eclipse
18239,The Twilight Saga: New Moon
1564628,NXT Halloween Havoc 2025
1319972,Don't Let's Go to the Dogs Tonight
1527163,Moda Tharindu
1543134,The Volunteers: Peace at Last
1290183,The First Ride
256040,Bāhubali: The Beginning
9392,The Descent
1564182,AEW WrestleDream 2025: Saturday Tailgate Brawl
967941,Wicked: For Good
425274,Now You See Me: Now You Don't
15137,Evangelion: 1.0 You Are (Not) Alone
1215106,Kogaloak : The Ghastly Village
1154800,Love Live! Nijigasaki High School Idol Club Final Chapter Part 2
798645,The Running Man
1549512,Nympho
508883,The Boy and the Heron
1539104,JUJUTSU KAISEN: Execution -Shibuya Incident x The Culling Game Begins-
1214931,Nuremberg
1214130,Stitch Head
1224993,Dark Nuns
9470,Kung Fu Hustle
1262983,MadS
1018,Mulholland Drive
1356236,Saint Catherine
812583,Wake Up Dead Man: A Knives Out Mystery
1316719,The Ugly
1404791,Dollhouse
1418302,My Boo 2
15999,Vampire Hunter D: Bloodlust
1220564,The Secret Agent
1293167,Exit Protocol
42994,Memories
858024,Hamnet
1555396,Colossal Wreck
1429348,The Stranger
1551992,Vattakhanal
1233506,The Incredible Shrinking Man
1316147,Grand Prix of Europe
999075,Left-Handed Girl
1171296,Baltimore
1196067,Worldbreaker
1063857,Peg O' My Heart
1523345,Against All Odds
1448560,Wildcat
15916,Angel's Egg
1541786,The Moon is a Father of Mine
1444973,Jatadhara
1465461,"Somewhere in Time, River and Stone"
1001270,The Things You Kill
1181107,The King of Kings
534780,Andhadhun
974663,200% Wolf
628847,Trap House
1134463,Dreams
878608,Resurrection
1314398,Frieda's Case
531428,Portrait of a Lady on Fire
1137179,Yadang: The Snitch
1287322,Christy
1066298,Full River Red
1421990,The Baltimorons
1241983,Train Dreams
15371,Lupin the Third: The Castle of Cagliostro
1406657,Scarlet
904759,The Birth of Kitaro: The Mystery of GeGeGe
1399696,Hysteria
11778,The Deer Hunter
1280444,The Occupant
1186830,The Islanders
1567447,"Oh, What Happy Days!"
1437198,Tafiti - Across the Desert
1551201,There's No Freaking Way I'll Be Your Lover! Unless… ~Next Shine~
1357759,Girl
1290432,A Private Life
1149614,Yes
1510003,Invisibles
539745,Animal Farm
1211442,Rebuilding
1421071,Golden Boy
1259102,Eternity
1181110,Innocent
737885,Nightmare Hospital
1541169,Blonde
1257778,Just Breathe
1134680,The Proud Princess
971968,Being Maria
1288072,Keeper
1155324,King Ivory
1145221,It Feeds
1325678,Sarah's Oil
1565129,Cristina Kathirvelan
1392396,A Moon in the Ordinary
1303613,Deaf
1443996,Redemption
864772,Vilaayath Budha
1481595,Athi Bheekara Kaamukan
1143440,The Ice Tower
1531058,Others
645560,Quezon
1543753,Deadline
1378756,On Your Lap
1284460,Alpha
1410399,Death Whisperer 3
1184418,Anna
1302848,Class Reunion
1319482,Traumatika
1253708,Tied Up
1447053,Яга на нашу голову
1296742,Rangga & Cinta
1252382,Tyler Perry's Finding Joy
1326886,Love Barista
1070186,Ekō
1462735,"Two Seasons, Two Strangers"
1479945,Wicked: One Wonderful Night
1404703,At the Edge of the Volcano
